"","UMAP1","UMAP2","Datatype","cell_type"
"Cell1_ref",6.79277585537964,2.06882353704773,"A",2
"Cell2_ref",-0.42458915771966,-9.80070181056676,"A",1
"Cell3_ref",0.0755915205881015,-11.5798844923083,"A",1
"Cell4_ref",-0.462100253792328,-9.7037158738998,"A",1
"Cell5_ref",6.95536629792634,3.45996467892293,"A",2
"Cell6_ref",-5.86369335191497,1.41161108992962,"A",3
"Cell7_ref",8.29582983903899,2.75696153803108,"A",2
"Cell8_ref",0.39257642455976,-9.41261434363423,"A",1
"Cell9_ref",0.629765492434809,-10.9088885257417,"A",1
"Cell10_ref",0.00121388065666705,-11.3997208824154,"A",1
"Cell11_ref",8.60662635244452,3.23284679737478,"A",2
"Cell12_ref",8.74966043739253,2.72243455427763,"A",2
"Cell13_ref",8.36283097626365,1.03684836316857,"A",2
"Cell14_ref",0.426695478611114,-9.73590586730813,"A",1
"Cell15_ref",-9.15422736918848,1.1385727066005,"A",3
"Cell16_ref",-7.91676206906399,-0.140925937072679,"A",3
"Cell17_ref",-0.470320782779676,-9.53351909402855,"A",1
"Cell18_ref",0.584692718355201,-11.1152914730505,"A",1
"Cell19_ref",6.89477994697251,3.790917068956,"A",2
"Cell20_ref",0.0996530020667896,-9.17728875553351,"A",1
"Cell21_ref",7.15819381826736,2.56300221722158,"A",2
"Cell22_ref",-7.75901831181913,1.97648435147142,"A",3
"Cell23_ref",3.80834865841948,3.69601337595874,"A",2
"Cell24_ref",-0.403023193406418,-9.30704950055121,"A",1
"Cell25_ref",-9.69232759489592,0.837206302950323,"A",3
"Cell26_ref",-7.79419681587744,0.00208680825870888,"A",3
"Cell27_ref",-8.00310256845416,2.18792738209027,"A",3
"Cell28_ref",-0.294545735952762,-10.781104370945,"A",1
"Cell29_ref",8.41618396874486,1.13247510280906,"A",2
"Cell30_ref",3.12731778403474,4.64251386603831,"A",2
"Cell31_ref",0.397446012378701,-9.33542767001946,"A",1
"Cell32_ref",-0.483640087694559,-9.29962743766152,"A",1
"Cell33_ref",-5.8425043399838,1.18928788220307,"A",3
"Cell34_ref",5.18262437011204,1.9100573495396,"A",2
"Cell35_ref",-0.270602686630213,-10.3922244871797,"A",1
"Cell36_ref",6.84362214333364,1.49018905666026,"A",2
"Cell37_ref",-5.86527090531134,1.45343366235483,"A",3
"Cell38_ref",0.852569640232618,-9.90270807960538,"A",1
"Cell39_ref",6.95476902638478,2.73011428608194,"A",2
"Cell40_ref",8.51930960191241,1.1992026438818,"A",2
"Cell41_ref",-9.69613350136326,0.875181214858016,"A",3
"Cell42_ref",-9.34243991516728,0.00139872934286334,"A",3
"Cell43_ref",-6.6656606130075,1.04724135800544,"A",3
"Cell44_ref",-7.82923679297767,0.0462456722273332,"A",3
"Cell45_ref",0.0448700122697517,-11.5313806018598,"A",1
"Cell46_ref",8.88169716432887,2.28167626854993,"A",2
"Cell47_ref",-0.401620330126435,2.93721165125801,"A",3
"Cell48_ref",8.11928818103332,1.20115987559281,"A",2
"Cell49_ref",0.843782949480275,-10.0251936081924,"A",1
"Cell50_ref",-9.7445908718556,0.310760412817649,"A",3
"Cell51_ref",0.955389129987908,-10.8978271914451,"A",1
"Cell52_ref",-9.72170503778589,0.17188517731656,"A",3
"Cell53_ref",-8.05458640337684,-0.436182134790204,"A",3
"Cell54_ref",7.26742445066466,2.18366373767371,"A",2
"Cell55_ref",8.85480086104319,1.6519145280249,"A",2
"Cell56_ref",8.77015318265285,1.60653131747254,"A",2
"Cell57_ref",-0.111731412962589,-10.6915728214456,"A",1
"Cell58_ref",7.31020602214176,2.18326838191053,"A",2
"Cell59_ref",-9.45403277875413,0.846901505411967,"A",3
"Cell60_ref",-9.19695160692098,0.42466603405513,"A",3
"Cell61_ref",-8.43644209068668,1.75488427345949,"A",3
"Cell62_ref",-8.2149804533921,1.73457359193196,"A",3
"Cell63_ref",8.62386581514066,1.49456205394542,"A",2
"Cell64_ref",-7.94086993659735,2.19120363454008,"A",3
"Cell65_ref",0.54132889548181,-9.47587104560624,"A",1
"Cell66_ref",-0.317382209820005,-9.213434887026,"A",1
"Cell67_ref",-5.59909881074969,0.125866691956816,"A",3
"Cell68_ref",7.66798951251932,2.04497910741438,"A",2
"Cell69_ref",4.85464196284106,1.93811288680312,"A",2
"Cell70_ref",7.27348008415986,2.92531250849894,"A",2
"Cell71_ref",1.00699722035712,-10.8538771651998,"A",1
"Cell72_ref",-0.204281085529356,-10.4869928153134,"A",1
"Cell73_ref",8.60490986386061,1.43357127892347,"A",2
"Cell74_ref",-7.71634916404867,0.0768164628627999,"A",3
"Cell75_ref",-6.89074093003879,0.760398939126286,"A",3
"Cell76_ref",0.280338281795785,-9.2876290173306,"A",1
"Cell77_ref",-8.44349229839675,1.6733698392858,"A",3
"Cell78_ref",0.0669743641469273,-0.160224223162065,"A",2
"Cell79_ref",7.27524100453368,3.767572633851,"A",2
"Cell80_ref",-7.86022447180238,2.15084151971842,"A",3
"Cell81_ref",0.244795261055796,-10.0415163773229,"A",1
"Cell82_ref",8.05185885490701,3.36557712223159,"A",2
"Cell83_ref",-6.01448480210498,1.49088250149503,"A",3
"Cell84_ref",-9.15997146507619,1.68206671673854,"A",3
"Cell85_ref",0.70804250219633,-9.59342616904704,"A",1
"Cell86_ref",-0.398086844198658,-10.3697107196824,"A",1
"Cell87_ref",-8.46717082948125,1.71035200208984,"A",3
"Cell88_ref",0.776572968242464,-11.1799576654643,"A",1
"Cell89_ref",-0.201365316019672,-9.44574555560584,"A",1
"Cell90_ref",8.71693142476144,1.6518560066925,"A",2
"Cell91_ref",8.83928390999487,2.34075715756779,"A",2
"Cell92_ref",-0.199609654082897,3.36431048240455,"A",3
"Cell93_ref",-7.08832047616774,0.657925010526175,"A",3
"Cell94_ref",7.44828036330138,3.32360866715086,"A",2
"Cell95_ref",8.67628628255859,1.32247314690297,"A",2
"Cell96_ref",0.746031985370762,-11.0535751057189,"A",1
"Cell97_ref",7.03190343804715,1.22719534426348,"A",2
"Cell98_ref",0.860012061779206,-10.0519255477601,"A",1
"Cell99_ref",7.27561074816186,2.17305716458874,"A",2
"Cell100_ref",-9.32212067903824,1.04896112896834,"A",3
"Cell101_ref",-7.01933334568818,1.37129557446998,"A",3
"Cell102_ref",8.89817366443897,1.86049059123871,"A",2
"Cell103_ref",7.53232937645392,2.29734370864784,"A",2
"Cell104_ref",8.30320083809456,2.81297786252296,"A",2
"Cell105_ref",-0.333746095273107,-10.0415993576357,"A",1
"Cell106_ref",0.190916665615946,-11.4217189312706,"A",1
"Cell107_ref",-7.48539938239367,1.35743179263259,"A",3
"Cell108_ref",8.76420811087601,1.35058558963785,"A",2
"Cell109_ref",1.20317686833949,-11.202979899795,"A",1
"Cell110_ref",-9.46249327004979,0.170764007219867,"A",3
"Cell111_ref",1.18872485783727,-11.2562996516359,"A",1
"Cell112_ref",-0.30021105053438,-10.7899321099805,"A",1
"Cell113_ref",0.828306802030708,-9.90498788799268,"A",1
"Cell114_ref",-7.6364913797966,1.7245726268049,"A",3
"Cell115_ref",1.27422886858256,4.83907376507661,"A",2
"Cell116_ref",6.85273394858179,1.84852811743168,"A",2
"Cell117_ref",-6.83356990616885,0.709804698397815,"A",3
"Cell118_ref",-5.80964095280264,0.175980996358435,"A",3
"Cell119_ref",-0.0218421970911764,-11.3737901745,"A",1
"Cell120_ref",-5.884900639874,0.397237027723304,"A",3
"Cell121_ref",-9.30296067380218,1.79815839729387,"A",3
"Cell122_ref",1.04771925165905,-11.1168520923157,"A",1
"Cell123_ref",7.29479034902468,3.23938200809402,"A",2
"Cell124_ref",-0.873828589234196,1.70717439650889,"A",3
"Cell125_ref",-6.33732700470731,1.47673715357822,"A",3
"Cell126_ref",8.2475598829799,2.79851863539272,"A",2
"Cell127_ref",-6.72482293437451,1.53004508094045,"A",3
"Cell128_ref",-0.55527617161852,-9.97948195782295,"A",1
"Cell129_ref",0.0202920396723312,-10.1759164825341,"A",1
"Cell130_ref",-6.58503822697705,1.37166630579502,"A",3
"Cell131_ref",-0.0367517236916722,-10.4920569624823,"A",1
"Cell132_ref",-9.20172286633928,0.660303337662997,"A",3
"Cell133_ref",0.979016967139663,-11.1673065249,"A",1
"Cell134_ref",-0.0417164869084814,-11.2214109605402,"A",1
"Cell135_ref",-0.580376086292943,-9.53309325253635,"A",1
"Cell136_ref",-7.77260800298307,0.0706570222284397,"A",3
"Cell137_ref",1.03654714498058,-10.9735846944104,"A",1
"Cell138_ref",8.60557347476685,1.40828606097187,"A",2
"Cell139_ref",-5.78775575211439,0.209913002237329,"A",3
"Cell140_ref",3.89135222260635,3.31175018151316,"A",2
"Cell141_ref",-6.07578388880161,0.386652068265041,"A",3
"Cell142_ref",0.0311412104632375,-9.74246151191541,"A",1
"Cell143_ref",6.84921523588516,2.49157498994761,"A",2
"Cell144_ref",-0.537469526659843,-9.98933435419681,"A",1
"Cell145_ref",-9.56137531362586,1.00829128999946,"A",3
"Cell146_ref",0.501858429057425,-9.43618805130939,"A",1
"Cell147_ref",-6.87996101477869,0.869812489577212,"A",3
"Cell148_ref",-0.596569680329607,-9.56789552852035,"A",1
"Cell149_ref",1.09161547586609,3.73262624100969,"A",2
"Cell150_ref",8.68703532110776,2.97193455443684,"A",2
"Cell151_ref",-0.360099310685118,-10.2959414602764,"A",1
"Cell152_ref",-0.299725162332549,-9.12261053597611,"A",1
"Cell153_ref",0.690257338251697,-11.0992136084439,"A",1
"Cell154_ref",-5.60937547765513,1.00890119434207,"A",3
"Cell155_ref",-5.97656046020806,0.357593575876884,"A",3
"Cell156_ref",8.67333149006573,1.83915862626475,"A",2
"Cell157_ref",0.607016931317145,-9.47560621795902,"A",1
"Cell158_ref",-9.59906403084099,0.987381857384559,"A",3
"Cell159_ref",-6.20861560992337,1.45291613334003,"A",3
"Cell160_ref",6.82661712587381,3.81290740842135,"A",2
"Cell161_ref",1.16969545063203,-11.2632413304754,"A",1
"Cell162_ref",7.24167505781698,1.91904089788416,"A",2
"Cell163_ref",8.39733788397403,2.70336928688133,"A",2
"Cell164_ref",7.1471134050644,1.43419843525845,"A",2
"Cell165_ref",-9.29204238438036,-0.0575227856439329,"A",3
"Cell166_ref",-0.33301833631008,-10.7146880304633,"A",1
"Cell167_ref",-7.85776157770132,-0.244192009680647,"A",3
"Cell168_ref",-0.190420876442686,-10.3289811022578,"A",1
"Cell169_ref",-0.0148098570377803,-11.2914807132291,"A",1
"Cell170_ref",-9.19272368301253,1.60143040412312,"A",3
"Cell171_ref",7.25717683053566,1.91877679481662,"A",2
"Cell172_ref",-0.467362926320893,-9.2492195875902,"A",1
"Cell173_ref",8.32812103882231,1.00967924278045,"A",2
"Cell174_ref",-7.8799569975655,1.64787109988923,"A",3
"Cell175_ref",-7.80879707247042,0.0534207010686096,"A",3
"Cell176_ref",2.92653642216363,4.6121202921757,"A",2
"Cell177_ref",0.143868000399222,-9.30516477968197,"A",1
"Cell178_ref",-7.92951808423707,-0.121950350700857,"A",3
"Cell179_ref",7.2577249830855,2.45798851628861,"A",2
"Cell180_ref",0.103184331302042,-11.5315270005936,"A",1
"Cell181_ref",-8.05857113486737,2.22253250699291,"A",3
"Cell182_ref",0.544382340567933,-9.57171901727426,"A",1
"Cell183_ref",7.42033693538933,1.4155734766971,"A",2
"Cell184_ref",-9.14547130832489,0.129871105196923,"A",3
"Cell185_ref",-0.287211117679316,-9.44432573120613,"A",1
"Cell186_ref",-0.347733693688571,-9.55955151260076,"A",1
"Cell187_ref",-9.40955741326245,1.67515626845787,"A",3
"Cell188_ref",8.61540532005207,3.20768278185387,"A",2
"Cell189_ref",-9.57641500402388,0.962520156094611,"A",3
"Cell190_ref",-0.00596472215901522,-9.13967908467813,"A",1
"Cell191_ref",-9.68882403160725,0.323943360748739,"A",3
"Cell192_ref",-5.89919537857752,1.34958150198962,"A",3
"Cell193_ref",-9.84303664216993,0.0679536745260696,"A",3
"Cell194_ref",-5.64736513666931,1.0032203636069,"A",3
"Cell195_ref",-0.596579948669445,-10.0331688507614,"A",1
"Cell196_ref",4.51413702686599,2.07160368783842,"A",2
"Cell197_ref",6.64928509028634,2.61765835013259,"A",2
"Cell198_ref",7.61474925584683,1.61288953352889,"A",2
"Cell199_ref",7.26978169728454,2.15541490885067,"A",2
"Cell200_ref",7.93519443245146,3.57634833657203,"A",2
"Cell201_ref",-9.51363924565952,1.39582433836822,"A",3
"Cell202_ref",-8.41606217478706,1.6692740185562,"A",3
"Cell203_ref",-0.587530454902885,-9.51121382009352,"A",1
"Cell204_ref",1.17908707857706,-11.2055012725144,"A",1
"Cell205_ref",-0.0659153512191769,-11.2179804703929,"A",1
"Cell206_ref",8.66448277091406,3.2218442667497,"A",2
"Cell207_ref",-6.73787807169537,0.796091319713031,"A",3
"Cell208_ref",0.947553377839598,-11.0628875488157,"A",1
"Cell209_ref",-6.74572248066853,0.818507471276364,"A",3
"Cell210_ref",-0.288127140077538,-9.84356597964423,"A",1
"Cell211_ref",0.242526703036024,3.5046910875696,"A",2
"Cell212_ref",-0.60075671906528,-9.47737694029552,"A",1
"Cell213_ref",7.36580108518948,2.84577234026478,"A",2
"Cell214_ref",4.22022773345177,2.36380916684526,"A",2
"Cell215_ref",-5.60854223901629,1.059673595051,"A",3
"Cell216_ref",8.83581620112119,2.2695460257762,"A",2
"Cell217_ref",-7.72215386800694,0.389077081694261,"A",3
"Cell218_ref",-7.91569419269753,-0.1960770918982,"A",3
"Cell219_ref",1.03013202217409,-11.2472971604707,"A",1
"Cell220_ref",3.85215462416556,2.88603507948893,"A",2
"Cell221_ref",0.00411396189881563,-10.8393477311316,"A",1
"Cell222_ref",-7.88633622858784,-0.115397449199083,"A",3
"Cell223_ref",9.00011072540965,1.52695661356312,"A",2
"Cell224_ref",-5.90604709579306,0.248383814625653,"A",3
"Cell225_ref",6.45547244206131,2.76005959153684,"A",2
"Cell226_ref",-0.598934994080209,-10.2948892274473,"A",1
"Cell227_ref",0.869978025658459,-11.2437273860233,"A",1
"Cell228_ref",0.883604739959228,-10.2097273919413,"A",1
"Cell229_ref",8.42890109147082,2.71901049286417,"A",2
"Cell230_ref",6.76338029295227,1.98091469720784,"A",2
"Cell231_ref",0.941264534164244,-9.90518017043397,"A",1
"Cell232_ref",-5.74056518700903,0.420855255907921,"A",3
"Cell233_ref",-6.6223009367298,1.41182833662103,"A",3
"Cell234_ref",-0.29721490246889,-9.13361030833746,"A",1
"Cell235_ref",7.50260314010953,2.45451309166127,"A",2
"Cell236_ref",-9.20264589382856,1.18244139772572,"A",3
"Cell237_ref",-7.88719758522694,0.10978148176284,"A",3
"Cell238_ref",-9.33608289293279,-0.020070215062446,"A",3
"Cell239_ref",8.03881523528644,3.51377957244148,"A",2
"Cell240_ref",8.62035893330208,3.10512254570417,"A",2
"Cell241_ref",0.654371886455282,-9.48761385817131,"A",1
"Cell242_ref",0.00734260733629788,-11.5687183188332,"A",1
"Cell243_ref",-9.70695496604794,0.24847234010167,"A",3
"Cell244_ref",-0.45137664755382,-9.3569388884803,"A",1
"Cell245_ref",-9.18777184784186,0.976013200045926,"A",3
"Cell246_ref",-0.472236136831667,-10.2862126133039,"A",1
"Cell247_ref",0.0663605497038113,-11.5677289636131,"A",1
"Cell248_ref",-9.00534711345007,1.75756978832958,"A",3
"Cell249_ref",7.81670814726727,3.62444435786818,"A",2
"Cell250_ref",-6.67271895901781,1.2470769039695,"A",3
"Cell251_ref",-7.8988541825593,-0.16957833944063,"A",3
"Cell252_ref",0.990977670582417,-11.150262599989,"A",1
"Cell253_ref",0.760967415744831,-10.9207115765515,"A",1
"Cell254_ref",6.95553516959896,3.03128318329379,"A",2
"Cell255_ref",-8.6452457828452,1.59550117261691,"A",3
"Cell256_ref",-7.90754574291706,-0.332144382288165,"A",3
"Cell257_ref",7.78713668354879,1.2584423686486,"A",2
"Cell258_ref",-5.65645243499723,0.268215395882424,"A",3
"Cell259_ref",-5.73583866654033,0.111669554028818,"A",3
"Cell260_ref",1.1521862158343,-11.2791187373475,"A",1
"Cell261_ref",0.941552001134068,-9.96760873531936,"A",1
"Cell262_ref",0.0220287518371994,-11.4291308056564,"A",1
"Cell263_ref",6.81574027469601,2.48100143433217,"A",2
"Cell264_ref",7.34784333469438,1.39895450023815,"A",2
"Cell265_ref",7.11287445953396,3.38222255881498,"A",2
"Cell266_ref",-9.23524668419585,0.320982744627093,"A",3
"Cell267_ref",8.36366153718763,0.963434894879739,"A",2
"Cell268_ref",-0.258111757087187,3.29433756666784,"A",3
"Cell269_ref",3.17108148423893,2.93260752351864,"A",2
"Cell270_ref",7.39603671529001,2.86835262083906,"A",2
"Cell271_ref",8.62779925594561,3.14700453018835,"A",2
"Cell272_ref",8.77340889942651,1.4124520436379,"A",2
"Cell273_ref",7.12174348589952,2.51272461142202,"A",2
"Cell274_ref",-8.91667789966458,0.0618845172141824,"A",3
"Cell275_ref",0.387172284308165,-11.3311764611005,"A",1
"Cell276_ref",-5.94615627812897,1.2982875075999,"A",3
"Cell277_ref",-7.03012347611486,1.46403656185717,"A",3
"Cell278_ref",-7.84986644448484,2.1926053361399,"A",3
"Cell279_ref",7.95582466090028,3.42209090099661,"A",2
"Cell280_ref",-6.64945511935939,0.696557044341719,"A",3
"Cell281_ref",-0.414143801988461,-9.31302378089994,"A",1
"Cell282_ref",2.18456969938858,4.30099028366817,"A",2
"Cell283_ref",-9.16963799991056,1.17488611396488,"A",3
"Cell284_ref",-8.05591117779218,-0.378173627922221,"A",3
"Cell285_ref",0.188450839014958,0.692493134042442,"A",2
"Cell286_ref",-7.86831146043955,1.60105906589075,"A",3
"Cell287_ref",-5.99151252362211,1.26768219634864,"A",3
"Cell288_ref",0.186838218328941,-11.3369520136623,"A",1
"Cell289_ref",-0.464721110538122,-10.5647456519976,"A",1
"Cell290_ref",3.30223939696168,4.59332205057206,"A",2
"Cell291_ref",0.751900019179459,-10.9827529020653,"A",1
"Cell292_ref",-6.01092542809792,1.28440493854197,"A",3
"Cell293_ref",-8.06660251877131,0.297608507067282,"A",3
"Cell294_ref",7.69173724164927,1.81812863645394,"A",2
"Cell295_ref",0.423502557477243,-9.19787002365394,"A",1
"Cell296_ref",4.62234197727374,2.00417141754482,"A",2
"Cell297_ref",6.8991090548519,3.81236589263046,"A",2
"Cell298_ref",7.34807683287684,1.78738987300807,"A",2
"Cell299_ref",0.443765011727049,-9.36511492836522,"A",1
"Cell300_ref",0.154144813616007,-11.6873164167624,"A",1
"Cell1",1.86917122258476,3.3646691131416,"B",2
"Cell2",-5.93317529557857,0.343645031902261,"B",1
"Cell3",8.00301864072822,1.16533462121325,"B",1
"Cell4",7.43957929461333,1.28461814692545,"B",1
"Cell5",2.13096052796593,4.91050251036367,"B",2
"Cell6",-0.100775073314035,1.15211507261252,"B",3
"Cell7",3.3735356289449,3.30357969639424,"B",2
"Cell8",-6.71233438541728,1.3276937831607,"B",1
"Cell9",7.63291187665961,1.8376469545638,"B",1
"Cell10",8.71557953685995,1.47174607714525,"B",1
"Cell11",1.70986533455802,4.02509344079655,"B",2
"Cell12",3.3129027243255,4.1692408772804,"B",2
"Cell13",3.67277558620395,3.36544108167388,"B",2
"Cell14",-9.39541459630572,0.106163615029958,"B",1
"Cell15",-8.52319202866908,1.80739567023423,"B",3
"Cell16",-0.0331920874917229,-0.0913085943010249,"B",3
"Cell17",-6.30850427995201,0.402572914806361,"B",1
"Cell18",8.45225741880643,3.3856868450152,"B",1
"Cell19",2.46914349093419,3.11905317444667,"B",2
"Cell20",-8.36825607521017,-0.131919146837684,"B",1
"Cell21",2.5828919435645,3.25090914360727,"B",2
"Cell22",-7.84809987299026,0.691233529324216,"B",3
"Cell23",1.12551513459193,4.75978374377333,"B",2
"Cell24",-8.63022146860842,0.0406779307425309,"B",1
"Cell25",-9.06490526452422,2.08795654465322,"B",3
"Cell26",-7.08790491045508,1.28402696910952,"B",3
"Cell27",0.269424628537014,3.54059252731508,"B",3
"Cell28",6.76586897910056,3.69530707963357,"B",1
"Cell29",2.70919703762634,3.14138423729735,"B",2
"Cell30",1.63515587273839,4.02975613344136,"B",2
"Cell31",-8.7822948762454,0.077761679726756,"B",1
"Cell32",-9.74253393546834,0.17029990675236,"B",1
"Cell33",-0.4517021795548,2.89062349585519,"B",3
"Cell34",1.96538968746072,3.61712845332884,"B",2
"Cell35",7.03250622342208,1.79155899114755,"B",1
"Cell36",2.07241689903161,4.91157807620309,"B",2
"Cell37",-0.201987833854802,1.17269466176075,"B",3
"Cell38",6.76202576931851,2.65421350695231,"B",1
"Cell39",3.37627987229567,3.17615792981851,"B",2
"Cell40",3.66467458353113,2.99861813682742,"B",2
"Cell41",-0.665025169300362,1.27901901806045,"B",3
"Cell42",-9.14895129885388,2.00031126315831,"B",3
"Cell43",0.214744929387733,0.0823233319355872,"B",3
"Cell44",0.0234150839268754,0.621627256346639,"B",3
"Cell45",5.72757880166986,3.86697304871218,"B",1
"Cell46",3.4127186208463,3.90703467208841,"B",2
"Cell47",-0.360073018266715,3.0498067286215,"B",3
"Cell48",2.19409435283636,4.89031156044537,"B",2
"Cell49",-5.80955546855661,0.160424789494483,"B",1
"Cell50",-0.1907504608101,-0.124385586073511,"B",3
"Cell51",7.45123667874636,2.2641701469727,"B",1
"Cell52",-0.681283813153753,1.56843953457089,"B",3
"Cell53",-0.246659064622832,0.0112781917240072,"B",3
"Cell54",3.30552581122483,3.06546962269601,"B",2
"Cell55",2.2378903541251,4.79077153453323,"B",2
"Cell56",2.28364338950542,4.79454425857184,"B",2
"Cell57",-6.32944148855315,1.42711166968927,"B",1
"Cell58",3.52287327971102,3.10869725343705,"B",2
"Cell59",-0.192567305835209,-0.0958706498552914,"B",3
"Cell60",-0.120952685668465,0.8781712569148,"B",3
"Cell61",-0.26168874664635,0.098735774929654,"B",3
"Cell62",-0.0345206435465577,0.751275633594492,"B",3
"Cell63",3.79906806537072,3.56263313349539,"B",2
"Cell64",0.182616027498379,0.578250329835367,"B",3
"Cell65",6.43399653654548,3.79248446327014,"B",1
"Cell66",-8.12720928595691,2.21474669244906,"B",1
"Cell67",-0.0513292334706553,0.118918040014433,"B",3
"Cell68",1.58847882556185,4.85433156245326,"B",2
"Cell69",3.76711563803581,3.53991240363845,"B",2
"Cell70",2.36993310606955,3.30742244363803,"B",2
"Cell71",7.30266393920328,3.14909361347899,"B",1
"Cell72",8.38445422246737,1.00172427434034,"B",1
"Cell73",3.36054606518112,4.1177862961337,"B",2
"Cell74",0.380439587682593,2.57581102700658,"B",3
"Cell75",-0.340146175105181,3.05449960313725,"B",3
"Cell76",-6.00433740691764,0.274588638346727,"B",1
"Cell77",-7.59139088311521,1.7742475609299,"B",3
"Cell78",1.88194971870083,3.62312286094029,"B",2
"Cell79",1.5769195902136,3.94035409021945,"B",2
"Cell80",0.16516690668803,0.628985551971709,"B",3
"Cell81",7.06540130909348,3.49896309635136,"B",1
"Cell82",3.05346306169622,4.19402094825324,"B",2
"Cell83",-0.35206134078462,3.03066003937462,"B",3
"Cell84",-8.93964759203102,1.74199787241019,"B",3
"Cell85",-9.19268751925351,-0.0212323827662106,"B",1
"Cell86",-5.69702233254319,0.543058512547005,"B",1
"Cell87",-8.03572235313654,1.73790421240323,"B",3
"Cell88",6.41252974658214,1.44200533348685,"B",1
"Cell89",6.8722965786695,1.24808934846076,"B",1
"Cell90",3.79477715416438,3.76053195885577,"B",2
"Cell91",3.07394744058539,2.92974956131591,"B",2
"Cell92",0.342232082065956,3.58110159243377,"B",3
"Cell93",0.31113669085224,2.6045388629585,"B",3
"Cell94",2.39611322800329,3.24434505371714,"B",2
"Cell95",3.72433663715444,2.85469355766172,"B",2
"Cell96",7.06841347284542,3.69442534122085,"B",1
"Cell97",3.45787654508339,3.98386925438989,"B",2
"Cell98",-8.51507904902131,-0.272359393836575,"B",1
"Cell99",1.95152478541287,4.74542065179147,"B",2
"Cell100",-7.84525044690747,1.99460934775104,"B",3
"Cell101",0.554404089178745,-9.37192036691429,"B",3
"Cell102",3.05497706543655,4.54337385860662,"B",2
"Cell103",2.52982008056783,4.54038152279712,"B",2
"Cell104",2.32946649325117,3.2086564812803,"B",2
"Cell105",-6.27611492051879,1.50945900752223,"B",1
"Cell106",8.35335345477678,2.9136196747708,"B",1
"Cell107",-0.434914601793154,2.8906893986141,"B",3
"Cell108",2.04589643691356,4.87644008151668,"B",2
"Cell109",7.71239218368923,1.99368333314045,"B",1
"Cell110",-0.514149967634458,1.00858349871674,"B",3
"Cell111",8.64699441621477,1.49092627329993,"B",1
"Cell112",-7.88908686492242,-0.175270950237724,"B",1
"Cell113",6.87277946363997,2.89786448440343,"B",1
"Cell114",-7.6130272521148,1.49499442427036,"B",3
"Cell115",1.2550846097813,4.82289793844331,"B",2
"Cell116",1.58359256278158,4.83449115623589,"B",2
"Cell117",0.368855036588757,-0.0313826355515783,"B",3
"Cell118",-7.44141390568029,1.39594074459323,"B",3
"Cell119",8.92047060010241,2.14154364617682,"B",1
"Cell120",0.425081189274833,2.56513365785389,"B",3
"Cell121",-0.166217475262609,0.0376202104442864,"B",3
"Cell122",-8.3472977755697,-0.311907268226554,"B",1
"Cell123",2.68534500082442,3.14086181211722,"B",2
"Cell124",0.805091140817245,4.51536340415412,"B",3
"Cell125",0.252331681550601,3.52064046374674,"B",3
"Cell126",3.36326105487089,3.99840390375141,"B",2
"Cell127",0.0418232526849187,0.828715471039566,"B",3
"Cell128",-7.90604917607052,0.130619421933892,"B",1
"Cell129",7.77827273478897,2.2128650628882,"B",1
"Cell130",-0.0413554667030572,0.437712739130898,"B",3
"Cell131",7.46240330738636,1.61422843141848,"B",1
"Cell132",-0.679445553185046,1.42293986803757,"B",3
"Cell133",8.62184370570867,3.14168694047678,"B",1
"Cell134",6.83797254821751,1.47125109113003,"B",1
"Cell135",-6.00555117227451,0.516725465565912,"B",1
"Cell136",-0.653840081662775,1.31312110713084,"B",3
"Cell137",7.0347022750153,1.52664718440872,"B",1
"Cell138",3.25298823955872,3.81011874234577,"B",2
"Cell139",0.468467715732076,2.52734124932626,"B",3
"Cell140",2.20802262048152,4.6644741826191,"B",2
"Cell141",0.147097132896963,0.675407001012296,"B",3
"Cell142",8.03486110315202,3.62354625848171,"B",1
"Cell143",2.22861331953218,3.27505992383261,"B",2
"Cell144",-5.65287011063527,0.100083011304868,"B",1
"Cell145",-0.123823480356295,-0.129395030596918,"B",3
"Cell146",-7.21990369246082,0.811125821491803,"B",1
"Cell147",-7.47970958345183,1.31565027443913,"B",3
"Cell148",-8.64937268902353,-0.0621883310577696,"B",1
"Cell149",1.51388738461147,3.86116132700052,"B",2
"Cell150",3.11912392617563,2.82204100232042,"B",2
"Cell151",6.73569815625789,1.26982350765477,"B",1
"Cell152",-9.72173057600633,0.136077713092126,"B",1
"Cell153",7.34102640194493,2.43946037457301,"B",1
"Cell154",-0.357311668824718,3.08604779384365,"B",3
"Cell155",-0.495010318655342,0.964207730053225,"B",3
"Cell156",2.45982028965854,4.41908837611549,"B",2
"Cell157",-8.02597644378053,-0.101092230698194,"B",1
"Cell158",-9.0694664622371,2.05681939300872,"B",3
"Cell159",0.333879999285114,3.57325083498165,"B",3
"Cell160",1.26494833600009,3.40518617203493,"B",2
"Cell161",7.51491622862032,1.73334257739621,"B",1
"Cell162",4.22632602996506,2.32018631183381,"B",2
"Cell163",3.36769500324,3.16929224884864,"B",2
"Cell164",2.58338148115314,4.62413966271141,"B",2
"Cell165",-8.79864667633601,1.99298580356197,"B",3
"Cell166",7.01980490511296,2.40236325052568,"B",1
"Cell167",0.174074078583721,-0.118877912431432,"B",3
"Cell168",7.21456118812869,2.50164844931508,"B",1
"Cell169",6.3529702764411,3.80773541574751,"B",1
"Cell170",-0.342524558511868,0.578917038449193,"B",3
"Cell171",3.27227320685521,3.31770851481833,"B",2
"Cell172",-6.78875046704655,0.748380541696287,"B",1
"Cell173",3.35594520837995,4.26335148332151,"B",2
"Cell174",-0.324851745080678,0.95510248518503,"B",3
"Cell175",-0.689715119950419,1.57258842440769,"B",3
"Cell176",0.699388107064762,3.4021724737203,"B",2
"Cell177",-5.6920131065547,0.0386155415220891,"B",1
"Cell178",-0.652447369717598,1.28952401667208,"B",3
"Cell179",1.9627430925231,3.96246530531622,"B",2
"Cell180",8.81564812853251,1.71064624390153,"B",1
"Cell181",-0.206417900802935,0.166880689446687,"B",3
"Cell182",-7.42136798077335,0.197596064423357,"B",1
"Cell183",2.32691577920405,4.60866218461788,"B",2
"Cell184",-0.647129087228771,1.65270084262138,"B",3
"Cell185",6.38912051005419,3.81936238351237,"B",1
"Cell186",-5.85786154021862,1.21626430692567,"B",1
"Cell187",-0.126734699391039,0.0930227343916608,"B",3
"Cell188",3.05677698187553,3.25480234095663,"B",2
"Cell189",-9.11438140865271,1.9903460564204,"B",3
"Cell190",-6.09787778969256,0.421369837850095,"B",1
"Cell191",-0.476514387104473,0.360212941602674,"B",3
"Cell192",0.180077180705204,3.36498307255174,"B",3
"Cell193",-9.17564122442912,1.96472972728293,"B",3
"Cell194",-9.6572548011026,0.315166122152329,"B",3
"Cell195",-6.36060641948852,1.01681929196349,"B",1
"Cell196",1.87508948052307,3.75622176203987,"B",2
"Cell197",2.96861240897878,4.1231058137585,"B",2
"Cell198",2.992554496129,4.29833873055677,"B",2
"Cell199",2.07190727733454,3.54754550048742,"B",2
"Cell200",2.50913235267233,3.06008504629772,"B",2
"Cell201",-0.125300712289923,-0.155787001675294,"B",3
"Cell202",-0.106280829197577,0.766420866082543,"B",3
"Cell203",-8.24016492438698,-0.230375358288244,"B",1
"Cell204",7.13180407033042,3.48485578887279,"B",1
"Cell205",7.30934252507349,2.95858253094883,"B",1
"Cell206",1.84576224143427,4.00035301695945,"B",2
"Cell207",-0.462563850964511,2.90684418362367,"B",3
"Cell208",8.65640453317959,1.43321831871187,"B",1
"Cell209",0.415663112516334,2.55765899650087,"B",3
"Cell210",-6.26553710405948,0.569179951093308,"B",1
"Cell211",1.78441545698982,4.13293581370155,"B",2
"Cell212",-9.62927798593226,-0.0528459206412644,"B",1
"Cell213",2.10207776436162,4.26146450487404,"B",2
"Cell214",1.24881609301343,4.81441375349333,"B",2
"Cell215",0.200632803610158,3.44477027796065,"B",3
"Cell216",2.00446662732193,4.22650988949508,"B",2
"Cell217",-0.0527016847394657,-0.159223506932481,"B",3
"Cell218",-7.8255517239793,1.74506526627308,"B",3
"Cell219",7.67030493171783,2.00585627878429,"B",1
"Cell220",1.4642088793813,4.77988019798254,"B",2
"Cell221",6.94985851551913,3.23918714473704,"B",1
"Cell222",-0.627872604122779,1.57798290502053,"B",3
"Cell223",3.41433781848283,4.16000086306429,"B",2
"Cell224",-7.22869685761911,1.28758965876012,"B",3
"Cell225",1.17840605340496,4.89119533266655,"B",2
"Cell226",-5.65176963698925,1.03670446794139,"B",1
"Cell227",7.40078988105053,2.20547500574877,"B",1
"Cell228",7.18168602081092,2.45488835166514,"B",1
"Cell229",2.7480655366222,3.00637233775659,"B",2
"Cell230",1.8604839055981,4.76510765548292,"B",2
"Cell231",7.92908663680618,2.13095424805301,"B",1
"Cell232",0.449731537593255,2.63941978862051,"B",3
"Cell233",0.107699138938383,-0.11736815635981,"B",3
"Cell234",-9.12155544028665,0.628157188715312,"B",1
"Cell235",3.18870657910903,3.23395439835017,"B",2
"Cell236",-8.7316371297134,2.10294669427322,"B",3
"Cell237",-0.13352875153475,-0.0317353888677367,"B",3
"Cell238",0.218417281196638,0.026971909900483,"B",3
"Cell239",3.29573780060989,3.01206707102511,"B",2
"Cell240",2.73760174358917,4.61949013894153,"B",2
"Cell241",-9.6131151417021,-0.0848218502184203,"B",1
"Cell242",8.18617456886677,1.02788552376823,"B",1
"Cell243",-0.156160509845272,-0.181488922259169,"B",3
"Cell244",-6.84166876154447,1.0603103406027,"B",1
"Cell245",-0.597013938222716,1.18382556129149,"B",3
"Cell246",8.38708020877422,0.964933029242577,"B",1
"Cell247",8.66524628256254,3.20756054639198,"B",1
"Cell248",-0.428405142352731,0.70440453153442,"B",3
"Cell249",4.44402746253923,2.06320878212632,"B",2
"Cell250",0.245679589515537,3.38978154825791,"B",3
"Cell251",-7.69381462199421,1.91562951740625,"B",3
"Cell252",8.64222503730215,2.09802321435155,"B",1
"Cell253",-0.490275416411087,3.07744413046724,"B",1
"Cell254",2.0282439028144,3.59006762264642,"B",2
"Cell255",-0.0423158481058269,3.19339360676557,"B",3
"Cell256",-0.728363252656292,1.48069843753326,"B",3
"Cell257",3.81001809455572,3.72073791029546,"B",2
"Cell258",-7.82180865876246,1.77679983823807,"B",3
"Cell259",-0.537237984175279,2.6302409698193,"B",3
"Cell260",8.6973936574337,2.76738450762469,"B",1
"Cell261",-5.92487625532799,1.40972016819293,"B",1
"Cell262",-5.6029073324357,0.878230587195267,"B",1
"Cell263",1.75930650152349,3.90152463473911,"B",2
"Cell264",2.5684030290171,4.47740507153652,"B",2
"Cell265",2.48031440094966,3.14920149088057,"B",2
"Cell266",-8.14405692739724,1.72554700093118,"B",3
"Cell267",3.83132879833826,3.54291619120586,"B",2
"Cell268",0.215712075941973,0.249502075071756,"B",3
"Cell269",2.51381860461487,4.40099069018723,"B",2
"Cell270",4.02113973554457,2.56711700810309,"B",2
"Cell271",2.70222597039359,4.54714786896731,"B",2
"Cell272",3.06235475653095,4.38682516482079,"B",2
"Cell273",4.37865408793594,2.08180137289912,"B",2
"Cell274",-0.449512152531992,2.82092772525223,"B",3
"Cell275",8.2279643182415,1.00723496037547,"B",1
"Cell276",-7.4987041615141,1.533246743656,"B",3
"Cell277",0.249759395607955,0.496681341078408,"B",3
"Cell278",0.0914235814035396,3.32003093049219,"B",3
"Cell279",2.84669478253443,3.11407068379403,"B",2
"Cell280",0.349796808515988,2.49423466213775,"B",3
"Cell281",-9.62505616195289,0.0410481281024428,"B",1
"Cell282",1.12281500415017,4.71881124563037,"B",2
"Cell283",-0.726508164411457,1.31923952656695,"B",3
"Cell284",-7.80408164937592,1.88482748463319,"B",3
"Cell285",0.970753048956354,4.65784956109566,"B",2
"Cell286",-0.200008503818469,3.16934185859074,"B",3
"Cell287",0.244059400391234,3.40329153860033,"B",3
"Cell288",6.0908167274446,3.87149113892239,"B",1
"Cell289",-7.77964782997503,-0.240609069533241,"B",1
"Cell290",1.88643550324827,4.06410827480379,"B",2
"Cell291",6.39736589362128,3.84496972960884,"B",1
"Cell292",0.146885261589903,1.2486802107437,"B",3
"Cell293",-8.98352749707762,0.941926139442186,"B",3
"Cell294",3.57717493045977,3.9419165096242,"B",2
"Cell295",-9.60395522260787,-0.122658700385123,"B",1
"Cell296",1.18203836733291,4.80675722112959,"B",2
"Cell297",1.03254462842803,4.39564153879529,"B",2
"Cell298",2.04628302614245,4.93575586754056,"B",2
"Cell299",-5.89583563275381,1.50601981021508,"B",1
"Cell300",7.93208303996207,3.60939588523898,"B",1
